Title,Description,Link
T…ôhsil ƒ∞nstitutu f…ônl…ôr √ºzr…ô kurikulumlarƒ±n t…ôkmill…ô≈üdirilm…ôsi √º√ß√ºn m√ºt…ôx…ôssisl…ôr axtarƒ±r,T…ôhsil ƒ∞nstitutu a≈üaƒüƒ±dakƒ± f…ônl…ôr √ºzr…ô kurikulumlarƒ±n t…ôkmill…ô≈üdirilm…ôsi √º√ß√ ...,https://arti.edu.az/2024/06/14/t%c9%99hsil-institutu-f%c9%99nl%c9%99r-uzr%c9%99-kurikulumlarin-t%c9%99kmill%c9%99sdirilm%c9%99si-ucun-mut%c9%99x%c9%99ssisl%c9%99r-axtarir/
T…ôhsil ƒ∞nstitutunun T…ôhsild…ô strateji t…ôdqiqatlar ≈ü√∂b…ôsinin ba≈ü m√ºt…ôx…ôssis v…ôzif…ôsin…ô m√ºraci…ôt tarixinin bitm…ôsin…ô 6 g√ºn qaldƒ±!,T…ôhsil ƒ∞nstitutunun T…ôhsild…ô strateji t…ôdqiqatlar ≈ü√∂b…ôsi t…ôhsilin b√ºt√ºn pill…ô v…ô ...,https://arti.edu.az/2024/06/14/t%c9%99hsil-institutunun-t%c9%99hsild%c9%99-strateji-t%c9%99dqiqatlar-sob%c9%99sinin-bas-mut%c9%99x%c9%99ssis-v%c9%99zif%c9%99sin%c9%99-muraci%c9%99t-tarixinin-bitm%c9%99sin%c9%99-6-gun-qaldi/
ARTƒ∞-nin T…ôhsild…ô strateji t…ôdqiqatlar ≈ü√∂b…ôsi ba≈ü m√ºt…ôx…ôssis v…ôzif…ôsin…ô vakansiya elan edir!,T…ôhsil ƒ∞nstitutunun T…ôhsild…ô strateji t…ôdqiqatlar ≈ü√∂b…ôsi t…ôhsilin b√ºt√ºn pill…ô v…ô ...,https://arti.edu.az/2024/06/05/arti-nin-t%c9%99hsild%c9%99-strateji-t%c9%99dqiqatlar-sob%c9%99si-bas-mut%c9%99x%c9%99ssis-v%c9%99zif%c9%99sin%c9%99-vakansiya-elan-edir-2/
Təhsil İnstitutu Tədqiqat və İnnovasiya sahəsində aparıcı mütəxəssis vəzifəsinə vakansiya elan edir!,Təhsil İnstitutu Peşə və ömürboyu təhsil şöbəsinə Tədqiqat və İnnovasiya sahə ...,https://arti.edu.az/2024/05/14/t%c9%99hsil-institutu-t%c9%99dqiqat-v%c9%99-innovasiya-sah%c9%99sind%c9%99-aparici-mut%c9%99x%c9%99ssis-v%c9%99zif%c9%99sin%c9%99-vakansiya-elan-edir/
Təhsil İnstitutu Monitorinq və qiymətləndirmə sahəsində mütəxəssis vəzifəsinə vakansiya elan edir,Təhsil İnstitutu Peşə və ömürboyu təhsil şöbəsinə Monitorinq və qiymətləndirmə sahə ...,https://arti.edu.az/2024/05/13/t%c9%99hsil-institutu-monitorinq-v%c9%99-qiym%c9%99tl%c9%99ndirm%c9%99-sah%c9%99sind%c9%99-mut%c9%99x%c9%99ssis-v%c9%99zif%c9%99sin%c9%99-vakansiya-elan-edir/
Təhsil İnstitutu aparıcı mütəxəssis və mütəxəssis vəzifəsi üzrə vakansiya elan edir!,Təhsil İnstitutunun İnsan Resursları Mərkəzi Layihələrin təşkili və idarə edilmə ...,https://arti.edu.az/2024/03/14/t%c9%99hsil-institutu-aparici-mut%c9%99x%c9%99ssis-v%c9%99-mut%c9%99x%c9%99ssis-v%c9%99zif%c9%99si-uzr%c9%99-vakansiya-elan-edir/
T…ôhsil ƒ∞nstitutu ‚Äúqeydiyyat√ßƒ± (resep≈ün)” v…ôzif…ôsin…ô vakansiya elan edir!,T…ôhsil ƒ∞nstitutu ‚Äúqeydiyyat√ßƒ±‚Äù (resep≈ün) v…ôzif…ôsin…ô vakansiya elan edir! T…ôl…ôbl ...,https://arti.edu.az/2024/02/20/t%c9%99hsil-institutu-qeydiyyatci-resepsn-v%c9%99zif%c9%99sin%c9%99-vakansiya-elan-edir/
T…ôhsil ƒ∞nstitutu vakansiya elan edir!,T…ôhsil ƒ∞nstitutunun T…ôhsild…ô strateji t…ôdqiqatlar ≈ü√∂b…ôsi ba≈ü m√ºt…ôx…ôssis v… ...,https://arti.edu.az/2024/02/06/t%c9%99hsil-institutu-vakansiya-elan-edir/
T…ôhsil ƒ∞nstitutu Layih…ôl…ôrin idar…ô olunmasƒ± ≈ü√∂b…ôsin…ô aparƒ±cƒ± m√ºt…ôx…ôssis vakansiyasƒ± elan edir,T…ôhsil ƒ∞nstitutu Layih…ôl…ôrin idar…ô olunmasƒ± ≈ü√∂b…ôsin…ô aparƒ±cƒ± m√ºt…ôx…ôssis vakans ...,https://arti.edu.az/2024/02/01/t%c9%99hsil-institutu-layih%c9%99l%c9%99rin-idar%c9%99-olunmasi-sob%c9%99sin%c9%99-aparici-mut%c9%99x%c9%99ssis-vakansiyasi-elan-edir/
Təhsil İnstitutu Layihələrin idarə olunması şöbəsinin baş mütəxəssis vəzifəsinə vakansiya elan edir!,Azərbaycan Respublikasının Təhsil İnstitutu (ARTİ) Layihələrin idarə olunması şöb ...,https://arti.edu.az/2024/01/31/t%c9%99hsil-institutu-layih%c9%99l%c9%99rin-idar%c9%99-olunmasi-sob%c9%99sinin-bas-mut%c9%99x%c9%99ssis-v%c9%99zif%c9%99sin%c9%99-vakansiya-elan-edir/
STEAM Mərkəzlərində koordinasiya işləri üzrə vakansiyalar elan olunur!,Qeyd olunan STEAM Mərkəzlərində koordinasiya işləri üzrə vakansiyalar elan olunur! STEAM Mə ...,https://arti.edu.az/2024/01/22/steam-m%c9%99rk%c9%99zl%c9%99rind%c9%99-koordinasiya-isl%c9%99ri-uzr%c9%99-vakansiyalar-elan-olunur/
İnsan Resursları Mərkəzi aparıcı mütəxəssis vakansiyası üzrə işə qəbul elan edir,Azərbaycan Respublikasının Təhsil İnstitutunun İnsan Resursları Mərkəzi Layihələrin təş ...,https://arti.edu.az/2023/10/30/insan-resurslari-m%c9%99rk%c9%99zi-aparici-mut%c9%99x%c9%99ssis-vakansiyasi-uzr%c9%99-is%c9%99-q%c9%99bul-elan-edir/
ARTİ-nin Layihələrin idarə olunması şöbəsi aparıcı mütəxəssis vəzifəsinə vakansiya elan edir,"ARTİ-nin Layihələrin idarə olunması şöbəsi xarici ölkələr, yerli və beynəlxalq qurumlar ...",https://arti.edu.az/2023/10/06/arti-nin-layih%c9%99l%c9%99rin-idar%c9%99-olunmasi-sob%c9%99si-aparici-mut%c9%99x%c9%99ssis-v%c9%99zif%c9%99sin%c9%99-vakansiya-elan-edir/
Təhsil İnstitutu mütəxəssis vəzifəsinə vakansiya elan edir,Namizədlə bağlı tələblər: Vəzifə öhdəlikləri: Müsabiqədə iştirak etmək arzusunda ...,https://arti.edu.az/2023/09/29/t%c9%99hsil-institutu-mut%c9%99x%c9%99ssis-secimi-ucun-musabiq%c9%99-elan-edir/
Təhsil İnstitutu metodist hazırlığı üçün yenidən seçim elan edir!,Azərbaycan Respublikasının Elm və Təhsil Nazirliyinin Fəaliyyət Planındakı 3.1.2. “Ümumi ...,https://arti.edu.az/2023/08/14/t%c9%99hsil-institutu-metodist-hazirligi-ucun-yenid%c9%99n-secim-elan-edir/
